user_id,sleep_date,sleep_start_timestamp,sleep_end_timestamp,true_bedtime,true_waketime,bedtime_hour,waketime_hour,total_minutes_asleep,total_time_in_bed,total_sleep_records,minutes_stage1,minutes_stage2,minutes_stage3,percent_stage1,percent_stage2,percent_stage3,sleep_efficiency,user_bedtime_mean_hour,bedtime_variability_hour,sleep_quality_score
1503960366,4/13/2016,4/13/2016 0:00:00,4/13/2016 6:47:00,4/13/2016 3:08:30,4/13/2016 8:20:30,3,8,384,407,2,384,11,12,100,2.864583333,3.125,0.9434889435,1.857142857,1.142857143,0.3785933661
1503960366,4/15/2016,4/15/2016 0:00:00,4/15/2016 7:22:00,4/15/2016 2:59:00,4/15/2016 10:20:00,2,10,412,442,1,412,22,8,100,5.339805825,1.941747573,0.9321266968,1.857142857,0.1428571429,0.3670430084
1503960366,4/16/2016,4/16/2016 0:00:00,4/16/2016 6:07:00,4/16/2016 2:11:00,4/16/2016 6:59:00,2,6,340,367,2,372,20,8,109.4117647,5.882352941,2.352941176,0.9264305177,1.857142857,0.1428571429,0.3464465459
1503960366,4/17/2016,4/17/2016 0:00:00,4/17/2016 11:52:00,4/17/2016 0:00:00,4/17/2016 11:18:00,0,11,700,712,1,668,11,0,95.42857143,1.571428571,0,0.9831460674,1.857142857,-1.857142857,0.3990304976
1503960366,4/19/2016,4/19/2016 0:00:00,4/19/2016 5:20:00,4/19/2016 2:06:30,4/19/2016 7:25:30,2,7,304,320,1,304,16,0,100,5.263157895,0,0.95,1.857142857,0.1428571429,0.37
1503960366,4/20/2016,4/20/2016 0:00:00,4/20/2016 6:17:00,4/20/2016 2:01:00,4/20/2016 8:17:00,2,8,360,377,1,360,14,3,100,3.888888889,0.8333333333,0.9549071618,1.857142857,0.1428571429,0.3762776304
1503960366,4/21/2016,4/21/2016 0:00:00,4/21/2016 6:04:00,4/21/2016 2:32:30,4/21/2016 8:35:30,2,8,325,364,1,325,36,3,100,11.07692308,0.9230769231,0.8928571429,1.857142857,0.1428571429,0.3394065934
1503960366,4/23/2016,4/23/2016 0:00:00,4/23/2016 6:24:00,4/23/2016 2:23:00,4/23/2016 8:46:00,2,8,361,384,1,361,22,1,100,6.094182825,0.2770083102,0.9401041667,1.857142857,0.1428571429,0.3651705332
1503960366,4/24/2016,4/24/2016 0:00:00,4/24/2016 7:29:00,4/24/2016 1:57:30,4/24/2016 9:25:30,1,9,430,449,1,430,19,0,100,4.418604651,0,0.9576837416,1.857142857,-0.8571428571,0.374610245
1503960366,4/25/2016,4/25/2016 0:00:00,4/25/2016 5:23:00,4/25/2016 2:56:00,4/25/2016 8:18:00,2,8,277,323,1,277,40,6,100,14.44043321,2.166064982,0.8575851393,1.857142857,0.1428571429,0.3232153435
1503960366,4/26/2016,4/26/2016 0:00:00,4/26/2016 4:34:00,4/26/2016 3:59:30,4/26/2016 8:32:30,3,8,245,274,1,245,26,3,100,10.6122449,1.224489796,0.8941605839,1.857142857,1.142857143,0.3413943095
1503960366,4/28/2016,4/28/2016 0:00:00,4/28/2016 6:33:00,4/28/2016 2:02:00,4/28/2016 8:34:00,2,8,366,393,1,366,26,1,100,7.103825137,0.2732240437,0.9312977099,1.857142857,0.1428571429,0.3598715221
1503960366,4/29/2016,4/29/2016 0:00:00,4/29/2016 5:54:00,4/29/2016 2:21:30,4/29/2016 8:14:30,2,8,341,354,1,341,13,0,100,3.812316716,0,0.9632768362,1.857142857,0.1428571429,0.3779661017
1503960366,4/30/2016,4/30/2016 0:00:00,4/30/2016 7:05:00,4/30/2016 1:50:00,4/30/2016 8:54:00,1,8,404,425,1,404,20,1,100,4.95049505,0.2475247525,0.9505882353,1.857142857,-0.8571428571,0.3713430402
1644430081,4/29/2016,4/29/2016 0:00:00,4/29/2016 2:07:00,4/29/2016 18:33:30,4/29/2016 20:39:30,18,20,119,127,1,119,8,0,100,6.722689076,0,0.937007874,16,2,0.3622047244
1644430081,4/30/2016,4/30/2016 0:00:00,4/30/2016 2:22:00,4/30/2016 14:54:30,4/30/2016 17:15:30,14,17,124,142,1,124,15,3,100,12.09677419,2.419354839,0.8732394366,16,-2,0.3336210813
1844505072,4/15/2016,4/15/2016 0:00:00,4/15/2016 16:01:00,4/15/2016 0:00:00,4/15/2016 12:16:00,0,12,644,961,1,644,57,36,100,8.850931677,5.590062112,0.6701352758,0,0,0.2244414139
1844505072,4/30/2016,4/30/2016 0:00:00,4/30/2016 16:01:00,4/30/2016 0:00:00,4/30/2016 14:09:00,0,14,722,961,1,722,206,110,100,28.53185596,15.23545706,0.7513007284,0,0,0.3117222653
1927972279,4/13/2016,4/13/2016 0:00:00,4/13/2016 7:02:00,4/13/2016 2:23:00,4/13/2016 9:24:00,2,9,398,422,1,398,17,7,100,4.271356784,1.75879397,0.9431279621,3.25,-1.25,0.3729119531
1927972279,4/15/2016,4/15/2016 0:00:00,4/15/2016 8:19:00,4/15/2016 0:00:00,4/15/2016 3:56:00,0,3,475,499,2,428,20,0,90.10526316,4.210526316,0,0.9519038076,3.25,-3.25,0.3909317583
1927972279,4/26/2016,4/26/2016 0:00:00,4/26/2016 5:15:00,4/26/2016 0:00:00,4/26/2016 3:09:00,0,3,296,315,1,181,9,0,61.14864865,3.040540541,0,0.9396825397,3.25,-3.25,0.4415122265
1927972279,4/28/2016,4/28/2016 0:00:00,4/28/2016 2:58:00,4/28/2016 11:42:00,4/28/2016 14:39:00,11,14,166,178,1,166,12,0,100,7.228915663,0,0.9325842697,3.25,7.75,0.3595505618
2026352035,4/13/2016,4/13/2016 0:00:00,4/13/2016 9:25:00,4/13/2016 0:00:00,4/13/2016 6:16:00,0,6,531,565,1,511,24,4,96.23352166,4.519774011,0.7532956685,0.9398230088,0,0,0.3744399447
2026352035,4/14/2016,4/14/2016 0:00:00,4/14/2016 9:28:00,4/14/2016 0:00:00,4/14/2016 6:45:00,0,6,545,568,1,560,25,5,102.7522936,4.587155963,0.9174311927,0.9595070423,0,0,0.373869363
2026352035,4/15/2016,4/15/2016 0:00:00,4/15/2016 9:33:00,4/15/2016 0:00:00,4/15/2016 6:28:00,0,6,523,573,1,517,41,7,98.85277247,7.839388145,1.338432122,0.9127399651,0,0,0.3552921626
2026352035,4/16/2016,4/16/2016 0:00:00,4/16/2016 9:27:00,4/16/2016 0:00:00,4/16/2016 6:30:00,0,6,524,567,1,500,57,5,95.41984733,10.8778626,0.9541984733,0.9241622575,0,0,0.3674744537
2026352035,4/17/2016,4/17/2016 0:00:00,4/17/2016 8:18:00,4/17/2016 0:00:00,4/17/2016 5:26:00,0,5,437,498,1,309,18,0,70.70938215,4.118993135,0,0.8775100402,0,0,0.3850872598
2026352035,4/19/2016,4/19/2016 0:00:00,4/19/2016 9:00:00,4/19/2016 0:00:00,4/19/2016 5:43:00,0,5,498,540,1,469,41,4,94.17670683,8.232931727,0.8032128514,0.9222222222,0,0,0.3681927711
2026352035,4/20/2016,4/20/2016 0:00:00,4/20/2016 8:30:00,4/20/2016 0:00:00,4/20/2016 5:39:00,0,5,461,510,1,443,47,0,96.09544469,10.19522777,0,0.9039215686,0,0,0.3501620518
2026352035,4/21/2016,4/21/2016 0:00:00,4/21/2016 8:34:00,4/21/2016 0:00:30,4/21/2016 6:03:30,0,6,477,514,1,510,28,0,106.918239,5.870020964,0,0.9280155642,0,0,0.3429728605
2026352035,4/22/2016,4/22/2016 0:00:00,4/22/2016 9:05:00,4/22/2016 0:00:00,4/22/2016 6:10:00,0,6,520,545,1,534,26,6,102.6923077,5,1.153846154,0.9541284404,0,0,0.3717078335
2026352035,4/23/2016,4/23/2016 0:00:00,4/23/2016 9:14:00,4/23/2016 0:00:00,4/23/2016 5:58:00,0,5,522,554,1,513,33,4,98.27586207,6.32183908,0.7662835249,0.9422382671,0,0,0.3718563703
2026352035,4/24/2016,4/24/2016 0:00:00,4/24/2016 9:51:00,4/24/2016 0:00:00,4/24/2016 6:39:00,0,6,555,591,1,549,18,5,98.91891892,3.243243243,0.9009009009,0.9390862944,0,0,0.3692175424
2026352035,4/25/2016,4/25/2016 0:00:00,4/25/2016 8:51:00,4/25/2016 0:00:00,4/25/2016 5:58:00,0,5,506,531,1,352,7,0,69.56521739,1.383399209,0,0.9529190207,0,0,0.4326209776
2026352035,4/27/2016,4/27/2016 0:00:00,4/27/2016 9:05:00,4/27/2016 0:00:00,4/27/2016 6:50:00,0,6,508,545,1,532,31,5,104.7244094,6.102362205,0.9842519685,0.9321100917,0,0,0.353754244
2026352035,4/28/2016,4/28/2016 0:00:00,4/28/2016 9:05:00,4/28/2016 0:00:00,4/28/2016 6:27:00,0,6,513,545,1,462,17,4,90.05847953,3.313840156,0.7797270955,0.9412844037,0,0,0.3877725915
2026352035,4/29/2016,4/29/2016 0:00:00,4/29/2016 8:30:00,4/29/2016 0:00:00,4/29/2016 6:54:00,0,6,490,510,1,557,34,5,113.6734694,6.93877551,1.020408163,0.9607843137,0,0,0.3532052821
2026352035,4/30/2016,4/30/2016 0:00:00,4/30/2016 10:07:00,4/30/2016 0:00:00,4/30/2016 7:05:00,0,7,573,607,1,592,17,4,103.3158813,2.966841187,0.6980802792,0.9439868204,0,0,0.3625526507
2320127002,4/23/2016,4/23/2016 0:00:00,4/23/2016 1:09:00,4/23/2016 20:10:30,4/23/2016 21:18:30,20,21,61,69,1,61,4,4,100,6.557377049,6.557377049,0.884057971,20,0,0.3566642908
2347167796,4/13/2016,4/13/2016 0:00:00,4/13/2016 8:51:00,4/13/2016 0:00:00,4/13/2016 6:55:00,0,6,467,531,1,441,75,2,94.43254818,16.05995717,0.4282655246,0.879472693,0,0,0.3405315816
2347167796,4/14/2016,4/14/2016 0:00:00,4/14/2016 8:09:00,4/14/2016 0:00:00,4/14/2016 6:26:00,0,6,445,489,1,450,27,3,101.1235955,6.06741573,0.6741573034,0.9100204499,0,0,0.3464617081
2347167796,4/15/2016,4/15/2016 0:00:00,4/15/2016 8:24:00,4/15/2016 0:00:00,4/15/2016 6:50:00,0,6,452,504,1,366,42,3,80.97345133,9.292035398,0.6637168142,0.8968253968,0,0,0.3788032027
2347167796,4/17/2016,4/17/2016 0:00:00,4/17/2016 10:02:00,4/17/2016 0:00:00,4/17/2016 8:55:00,0,8,556,602,1,627,43,5,112.7697842,7.73381295,0.8992805755,0.9235880399,0,0,0.3322103779
2347167796,4/18/2016,4/18/2016 0:00:00,4/18/2016 9:17:00,4/18/2016 0:00:00,4/18/2016 6:57:00,0,6,500,557,1,460,63,6,92,12.6,1.2,0.8976660682,0,0,0.3593996409
2347167796,4/19/2016,4/19/2016 0:00:00,4/19/2016 8:34:00,4/19/2016 0:00:30,4/19/2016 6:42:30,0,6,465,514,1,372,28,3,80,6.021505376,0.6451612903,0.9046692607,0,0,0.3853822016
2347167796,4/21/2016,4/21/2016 0:00:00,4/21/2016 8:04:00,4/21/2016 0:00:00,4/21/2016 6:17:00,0,6,460,484,1,400,18,4,86.95652174,3.913043478,0.8695652174,0.9504132231,0,0,0.3998131513
2347167796,4/22/2016,4/22/2016 0:00:00,4/22/2016 7:41:00,4/22/2016 0:00:30,4/22/2016 6:56:30,0,6,405,461,1,367,47,3,90.61728395,11.60493827,0.7407407407,0.8785249458,0,0,0.3488433625
2347167796,4/23/2016,4/23/2016 0:00:00,4/23/2016 6:26:00,4/23/2016 0:20:30,4/23/2016 6:45:30,0,6,374,386,1,407,15,0,108.8235294,4.010695187,0,0.9689119171,0,0,0.3637000914
2347167796,4/24/2016,4/24/2016 0:00:00,4/24/2016 7:39:00,4/24/2016 0:00:30,4/24/2016 7:02:30,0,7,442,459,1,482,14,0,109.0497738,3.167420814,0,0.962962963,0,0,0.3596782303
2347167796,4/25/2016,4/25/2016 0:00:00,4/25/2016 7:51:00,4/25/2016 0:00:00,4/25/2016 6:37:00,0,6,433,471,1,433,48,3,100,11.08545035,0.6928406467,0.9193205945,0,0,0.3543637193
2347167796,4/26/2016,4/26/2016 0:00:00,4/26/2016 8:10:00,4/26/2016 0:00:30,4/26/2016 6:43:30,0,6,436,490,1,431,46,3,98.85321101,10.55045872,0.6880733945,0.8897959184,0,0,0.3389234226
2347167796,4/27/2016,4/27/2016 0:00:00,4/27/2016 8:19:00,4/27/2016 0:00:30,4/27/2016 7:02:30,0,7,448,499,1,432,49,6,96.42857143,10.9375,1.339285714,0.8977955912,0,0,0.3511773547
2347167796,4/28/2016,4/28/2016 0:00:00,4/28/2016 7:30:00,4/28/2016 0:00:00,4/28/2016 6:25:00,0,6,408,450,1,414,32,1,101.4705882,7.843137255,0.2450980392,0.9066666667,0,0,0.3420392157
2347167796,4/29/2016,4/29/2016 0:00:00,4/29/2016 7:53:00,4/29/2016 0:00:00,4/29/2016 6:51:00,0,6,411,473,1,353,57,2,85.88807786,13.86861314,0.4866180049,0.8689217759,0,0,0.3515233818
3977333714,4/13/2016,4/13/2016 0:00:00,4/13/2016 7:36:00,4/13/2016 0:45:00,4/13/2016 7:19:00,0,7,295,456,2,295,155,6,100,52.54237288,2.033898305,0.6469298246,0.9444444444,-0.9444444444,0.196293488
3977333714,4/14/2016,4/14/2016 0:00:00,4/14/2016 6:37:00,4/14/2016 1:35:00,4/14/2016 8:11:00,1,8,291,397,1,291,101,5,100,34.70790378,1.718213058,0.7329974811,0.9444444444,0.05555555556,0.2466713409
3977333714,4/15/2016,4/15/2016 0:00:00,4/15/2016 9:16:00,4/15/2016 2:05:00,4/15/2016 11:20:00,2,11,424,556,1,424,130,2,100,30.66037736,0.4716981132,0.7625899281,0.9444444444,1.055555556,0.2594407493
3977333714,4/16/2016,4/16/2016 0:00:00,4/16/2016 8:30:00,4/16/2016 0:10:30,4/16/2016 8:39:30,0,8,283,510,1,283,227,0,100,80.21201413,0,0.5549019608,0.9444444444,-0.9444444444,0.1329411765
3977333714,4/17/2016,4/17/2016 0:00:00,4/17/2016 9:26:00,4/17/2016 0:21:00,4/17/2016 9:46:00,0,9,381,566,1,381,181,4,100,47.50656168,1.049868766,0.6731448763,0.9444444444,-0.9444444444,0.2080864009
3977333714,4/18/2016,4/18/2016 0:00:00,4/18/2016 8:42:00,4/18/2016 1:04:00,4/18/2016 8:30:00,1,8,412,522,2,412,107,3,100,25.97087379,0.7281553398,0.7892720307,0.9444444444,0.05555555556,0.2764758398
3977333714,4/19/2016,4/19/2016 0:00:00,4/19/2016 6:35:00,4/19/2016 1:58:30,4/19/2016 8:32:30,1,8,219,395,1,219,172,4,100,78.53881279,1.826484018,0.5544303797,0.9444444444,0.05555555556,0.1399641639
3977333714,4/20/2016,4/20/2016 0:00:00,4/20/2016 5:05:00,4/20/2016 4:52:00,4/20/2016 8:56:00,4,8,152,305,2,152,172,7,100,113.1578947,4.605263158,0.4983606557,0.9444444444,3.055555556,0.1174374461
3977333714,4/21/2016,4/21/2016 0:00:00,4/21/2016 8:32:00,4/21/2016 0:00:00,4/21/2016 8:05:00,0,8,332,512,1,332,150,4,100,45.18072289,1.204819277,0.6484375,0.9444444444,-0.9444444444,0.1938817771
3977333714,4/22/2016,4/22/2016 0:00:00,4/22/2016 7:56:00,4/22/2016 1:43:30,4/22/2016 9:38:30,1,9,355,476,1,355,120,1,100,33.8028169,0.2816901408,0.7457983193,0.9444444444,0.05555555556,0.2486057522
3977333714,4/23/2016,4/23/2016 0:00:00,4/23/2016 6:12:00,4/23/2016 1:24:00,4/23/2016 7:35:00,1,7,235,372,1,235,136,1,100,57.87234043,0.4255319149,0.6317204301,0.9444444444,0.05555555556,0.1807343857
3977333714,4/24/2016,4/24/2016 0:00:00,4/24/2016 8:46:00,4/24/2016 0:28:00,4/24/2016 9:13:00,0,9,310,526,1,310,214,2,100,69.03225806,0.6451612903,0.5893536122,0.9444444444,-0.9444444444,0.1561928125
3977333714,4/25/2016,4/25/2016 0:00:00,4/25/2016 7:47:00,4/25/2016 1:15:00,4/25/2016 9:01:00,1,9,262,467,1,262,201,4,100,76.71755725,1.526717557,0.5610278373,0.9444444444,0.05555555556,0.1427235726
3977333714,4/26/2016,4/26/2016 0:00:00,4/26/2016 6:11:00,4/26/2016 3:06:00,4/26/2016 9:16:00,3,9,250,371,1,250,119,2,100,47.6,0.8,0.6738544474,0.9444444444,2.055555556,0.2075126685
3977333714,4/27/2016,4/27/2016 0:00:00,4/27/2016 9:00:00,4/27/2016 0:39:00,4/27/2016 9:38:00,0,9,349,540,1,349,186,5,100,53.29512894,1.432664756,0.6462962963,0.9444444444,-0.9444444444,0.1935084368
3977333714,4/28/2016,4/28/2016 0:00:00,4/28/2016 7:03:00,4/28/2016 2:41:00,4/28/2016 9:43:00,2,9,261,423,1,261,155,7,100,59.38697318,2.681992337,0.6170212766,0.9444444444,1.055555556,0.1809407353
3977333714,4/29/2016,4/29/2016 0:00:00,4/29/2016 7:58:00,4/29/2016 0:27:00,4/29/2016 8:24:00,0,8,333,478,1,333,145,0,100,43.54354354,0,0.6966527197,0.9444444444,-0.9444444444,0.2179916318
3977333714,4/30/2016,4/30/2016 0:00:00,4/30/2016 6:22:00,4/30/2016 0:20:00,4/30/2016 6:41:00,0,6,237,382,1,284,176,4,119.8312236,74.26160338,1.687763713,0.6204188482,0.9444444444,-0.9444444444,0.1393399165
4020332650,4/16/2016,4/16/2016 0:00:00,4/16/2016 1:17:00,4/16/2016 1:31:00,4/16/2016 2:47:00,1,2,77,77,1,77,0,0,100,0,0,1,1,0,0.4
4319703577,4/14/2016,4/14/2016 0:00:00,4/14/2016 9:17:00,4/14/2016 0:00:00,4/14/2016 7:49:00,0,7,535,557,1,486,15,1,90.8411215,2.803738318,0.1869158879,0.960502693,1.6875,-1.6875,0.3953670364
4319703577,4/15/2016,4/15/2016 0:00:00,4/15/2016 8:11:00,4/15/2016 0:00:30,4/15/2016 7:38:30,0,7,465,491,1,435,23,1,93.5483871,4.946236559,0.2150537634,0.9470468432,1.6875,-1.6875,0.3819915468
4319703577,4/16/2016,4/16/2016 0:00:00,4/16/2016 8:42:00,4/16/2016 0:10:30,4/16/2016 8:51:30,0,8,506,522,1,506,15,1,100,2.964426877,0.1976284585,0.969348659,1.6875,-1.6875,0.3823997092
4319703577,4/18/2016,4/18/2016 0:00:00,4/18/2016 9:11:00,4/18/2016 0:00:00,4/18/2016 7:56:00,0,7,515,551,1,513,28,7,99.61165049,5.436893204,1.359223301,0.9346642468,1.6875,-1.6875,0.3670121403
4319703577,4/19/2016,4/19/2016 0:00:00,4/19/2016 8:18:00,4/19/2016 3:37:30,4/19/2016 7:15:30,3,7,461,498,2,493,20,12,106.9414317,4.338394794,2.603036876,0.9257028112,1.6875,1.3125,0.3519509709
4319703577,4/20/2016,4/20/2016 0:00:00,4/20/2016 9:03:00,4/20/2016 0:00:00,4/20/2016 7:24:00,0,7,523,543,1,437,8,0,83.55640535,1.529636711,0,0.9631675875,1.6875,-1.6875,0.4107877418
4319703577,4/21/2016,4/21/2016 0:00:00,4/21/2016 1:05:00,4/21/2016 22:44:30,4/21/2016 23:59:30,22,23,59,65,1,129,9,3,218.6440678,15.25423729,5.084745763,0.9076923077,1.6875,20.3125,0.1276662321
4319703577,4/22/2016,4/22/2016 0:00:00,4/22/2016 9:10:00,4/22/2016 0:00:30,4/22/2016 7:53:30,0,7,533,550,1,516,18,1,96.81050657,3.377110694,0.1876172608,0.9690909091,1.6875,-1.6875,0.3885840014
4319703577,4/23/2016,4/23/2016 0:00:00,4/23/2016 12:02:00,4/23/2016 0:00:00,4/23/2016 11:00:00,0,11,692,722,1,639,19,3,92.34104046,2.74566474,0.4335260116,0.9584487535,1.6875,-1.6875,0.3921212752
4319703577,4/24/2016,4/24/2016 0:00:00,4/24/2016 8:21:00,4/24/2016 0:09:00,4/24/2016 8:29:00,0,8,467,501,1,516,30,5,110.4925054,6.423982869,1.070663812,0.9321357285,1.6875,-1.6875,0.3425790817
4319703577,4/25/2016,4/25/2016 0:00:00,4/25/2016 8:26:00,4/25/2016 0:00:00,4/25/2016 7:35:00,0,7,488,506,1,478,18,2,97.95081967,3.68852459,0.4098360656,0.9644268775,1.6875,-1.6875,0.3843938314
4319703577,4/26/2016,4/26/2016 0:00:00,4/26/2016 8:36:00,4/26/2016 0:00:00,4/26/2016 7:53:00,0,7,505,516,1,466,8,0,92.27722772,1.584158416,0,0.9786821705,1.6875,-1.6875,0.4026548469
4319703577,4/27/2016,4/27/2016 0:00:00,4/27/2016 5:07:00,4/27/2016 2:29:00,4/27/2016 7:35:00,2,7,286,307,1,382,24,1,133.5664336,8.391608392,0.3496503497,0.9315960912,1.6875,0.3125,0.293223389
4319703577,4/28/2016,4/28/2016 0:00:00,4/28/2016 8:42:00,4/28/2016 0:00:30,4/28/2016 7:01:30,0,7,497,522,1,483,18,7,97.18309859,3.621730382,1.408450704,0.9521072797,1.6875,-1.6875,0.3825319734
4319703577,4/29/2016,4/29/2016 0:00:00,4/29/2016 9:06:00,4/29/2016 0:00:30,4/29/2016 7:39:30,0,7,523,546,1,477,18,7,91.20458891,3.4416826,1.338432122,0.9578754579,1.6875,-1.6875,0.3976698254
4319703577,4/30/2016,4/30/2016 0:00:00,4/30/2016 8:36:00,4/30/2016 0:00:00,4/30/2016 7:53:00,0,7,490,516,1,477,24,4,97.34693878,4.897959184,0.8163265306,0.9496124031,1.6875,-1.6875,0.3783388704
4388161847,4/15/2016,4/15/2016 0:00:00,4/15/2016 8:46:00,4/15/2016 0:00:00,4/15/2016 4:54:00,0,4,499,526,1,298,4,2,59.71943888,0.8016032064,0.4008016032,0.9486692015,3,-3,0.4513658496
4388161847,4/16/2016,4/16/2016 0:00:00,4/16/2016 7:28:00,4/16/2016 0:00:30,4/16/2016 6:18:30,0,6,426,448,2,540,20,3,126.7605634,4.694835681,0.7042253521,0.9508928571,3,-3,0.3198314889
4388161847,4/17/2016,4/17/2016 0:00:00,4/17/2016 10:41:00,4/17/2016 0:00:30,4/17/2016 6:20:30,0,6,619,641,2,498,18,1,80.45234249,2.907915994,0.1615508885,0.9656786271,3,-3,0.4191486949
4388161847,4/18/2016,4/18/2016 0:00:00,4/18/2016 1:44:00,4/18/2016 20:59:30,4/18/2016 22:42:30,20,22,99,104,1,138,7,4,139.3939394,7.070707071,4.04040404,0.9519230769,3,17,0.3085275835
4388161847,4/19/2016,4/19/2016 0:00:00,4/19/2016 5:38:00,4/19/2016 0:00:00,4/19/2016 4:52:00,0,4,329,338,1,433,14,4,131.6109422,4.255319149,1.215805471,0.9733727811,3,-3,0.325665006
4388161847,4/20/2016,4/20/2016 0:00:00,4/20/2016 7:31:00,4/20/2016 0:00:00,4/20/2016 4:52:00,0,4,421,451,1,430,25,0,102.1377672,5.93824228,0,0.933481153,3,-3,0.3558131574
4388161847,4/21/2016,4/21/2016 0:00:00,4/21/2016 7:38:00,4/21/2016 0:00:00,4/21/2016 4:55:00,0,4,442,458,1,290,6,0,65.61085973,1.357466063,0,0.9650655022,3,-3,0.4478175819
4388161847,4/22/2016,4/22/2016 0:00:00,4/22/2016 1:25:00,4/22/2016 22:32:00,4/22/2016 23:59:00,22,23,82,85,1,164,6,3,200,7.317073171,3.658536585,0.9647058824,3,19,0.1934576758
4388161847,4/23/2016,4/23/2016 0:00:00,4/23/2016 8:21:00,4/23/2016 0:00:00,4/23/2016 6:52:00,0,6,478,501,1,396,16,1,82.84518828,3.347280335,0.2092050209,0.9540918164,3,-3,0.4076015333
4388161847,4/24/2016,4/24/2016 0:00:00,4/24/2016 9:55:00,4/24/2016 0:18:00,4/24/2016 6:12:00,0,6,552,595,3,552,36,7,100,6.52173913,1.268115942,0.9277310924,3,-3,0.3617111192
4388161847,4/26/2016,4/26/2016 0:00:00,4/26/2016 5:46:00,4/26/2016 0:00:00,4/26/2016 5:02:00,0,5,319,346,1,464,42,0,145.4545455,13.1661442,0,0.9219653179,3,-3,0.2622700998
4388161847,4/27/2016,4/27/2016 0:00:00,4/27/2016 8:20:00,4/27/2016 0:00:30,4/27/2016 4:56:30,0,4,439,500,1,423,26,6,96.35535308,5.922551253,1.366742597,0.878,3,-3,0.3395562642
4388161847,4/28/2016,4/28/2016 0:00:00,4/28/2016 7:38:00,4/28/2016 0:00:00,4/28/2016 4:59:00,0,4,428,458,1,288,12,0,67.28971963,2.803738318,0,0.9344978166,3,-3,0.4261192507
4388161847,4/30/2016,4/30/2016 0:00:00,4/30/2016 7:10:00,4/30/2016 0:16:30,4/30/2016 5:54:30,0,5,409,430,2,507,39,0,123.9608802,9.535452323,0,0.9511627907,3,-3,0.322775914
4445114986,4/13/2016,4/13/2016 0:00:00,4/13/2016 6:46:00,4/13/2016 1:47:00,4/13/2016 7:11:00,1,7,370,406,2,370,29,7,100,7.837837838,1.891891892,0.9113300493,2.133333333,-1.133333333,0.3543655971
4445114986,4/14/2016,4/14/2016 0:00:00,4/14/2016 8:12:00,4/14/2016 3:05:00,4/14/2016 11:16:00,3,11,441,492,1,441,48,3,100,10.88435374,0.6802721088,0.8963414634,2.133333333,0.8666666667,0.3405259665
4445114986,4/15/2016,4/15/2016 0:00:00,4/15/2016 6:19:00,4/15/2016 2:06:00,4/15/2016 7:14:00,2,7,337,379,2,337,31,11,100,9.198813056,3.264094955,0.889182058,2.133333333,-0.1333333333,0.3465656147
4445114986,4/16/2016,4/16/2016 0:00:00,4/16/2016 8:19:00,4/16/2016 1:36:30,4/16/2016 9:54:30,1,9,462,499,1,462,29,8,100,6.277056277,1.731601732,0.9258517034,2.133333333,-1.133333333,0.362437429
4445114986,4/17/2016,4/17/2016 0:00:00,4/17/2016 1:47:00,4/17/2016 2:24:00,4/17/2016 4:10:00,2,4,98,107,1,98,6,3,100,6.12244898,3.06122449,0.9158878505,2.133333333,-0.1333333333,0.3617776082
4445114986,4/19/2016,4/19/2016 0:00:00,4/19/2016 7:04:00,4/19/2016 1:43:00,4/19/2016 6:25:00,1,6,388,424,2,388,29,7,100,7.474226804,1.804123711,0.9150943396,2.133333333,-1.133333333,0.3562730986
4445114986,4/20/2016,4/20/2016 0:00:00,4/20/2016 7:42:00,4/20/2016 2:57:30,4/20/2016 10:38:30,2,10,439,462,1,439,20,3,100,4.555808656,0.6833712984,0.9502164502,2.133333333,-0.1333333333,0.3728633553
4445114986,4/21/2016,4/21/2016 0:00:00,4/21/2016 7:49:00,4/21/2016 3:11:30,4/21/2016 10:59:30,3,10,436,469,1,436,28,5,100,6.422018349,1.146788991,0.9296375267,2.133333333,0.8666666667,0.362369672
4445114986,4/22/2016,4/22/2016 0:00:00,4/22/2016 6:57:00,4/22/2016 3:17:30,4/22/2016 10:13:30,3,10,388,417,1,388,21,8,100,5.412371134,2.06185567,0.9304556355,2.133333333,0.8666666667,0.366520804
4445114986,4/25/2016,4/25/2016 0:00:00,4/25/2016 5:45:00,4/25/2016 1:52:00,4/25/2016 7:36:00,1,7,328,345,1,329,9,7,100.304878,2.743902439,2.134146341,0.9507246377,2.133333333,-1.133333333,0.3783616119
4445114986,4/26/2016,4/26/2016 0:00:00,4/26/2016 6:31:00,4/26/2016 2:17:30,4/26/2016 7:13:30,2,7,353,391,2,353,32,6,100,9.065155807,1.699716714,0.9028132992,2.133333333,-0.1333333333,0.3484868464
4445114986,4/27/2016,4/27/2016 0:00:00,4/27/2016 6:14:00,4/27/2016 3:48:00,4/27/2016 10:01:00,3,10,332,374,1,332,37,5,100,11.14457831,1.506024096,0.8877005348,2.133333333,0.8666666667,0.3386444172
4445114986,4/28/2016,4/28/2016 0:00:00,4/28/2016 7:22:00,4/28/2016 4:05:00,4/28/2016 11:26:00,4,11,419,442,1,419,17,6,100,4.057279236,1.431980907,0.9479638009,2.133333333,1.866666667,0.3745062042
4445114986,4/29/2016,4/29/2016 0:00:00,4/29/2016 1:48:00,4/29/2016 2:55:30,4/29/2016 4:42:30,2,4,106,108,1,106,2,0,100,1.886792453,0,0.9814814815,2.133333333,-0.1333333333,0.3888888889
4445114986,4/30/2016,4/30/2016 0:00:00,4/30/2016 5:53:00,4/30/2016 2:11:00,4/30/2016 8:03:00,2,8,322,353,1,322,25,6,100,7.763975155,1.863354037,0.9121813031,2.133333333,-0.1333333333,0.354762198
4558609924,4/21/2016,4/21/2016 0:00:00,4/21/2016 2:17:00,4/21/2016 0:06:30,4/21/2016 2:22:30,0,2,126,137,1,126,6,5,100,4.761904762,3.968253968,0.9197080292,0,0,0.3676978334
4558609924,4/26/2016,4/26/2016 0:00:00,4/26/2016 2:01:00,4/26/2016 0:00:00,4/26/2016 0:41:00,0,0,103,121,1,35,5,2,33.98058252,4.854368932,1.941747573,0.8512396694,0,0,0.4505496269
4558609924,4/29/2016,4/29/2016 0:00:00,4/29/2016 2:59:00,4/29/2016 0:00:00,4/29/2016 1:42:00,0,1,171,179,1,102,1,0,59.64912281,0.5847953216,0,0.9553072626,0,0,0.4538861119
4702921684,4/13/2016,4/13/2016 0:00:00,4/13/2016 7:10:00,4/13/2016 2:32:00,4/13/2016 6:09:00,2,6,400,430,2,376,26,3,94,6.5,0.75,0.9302325581,0.1176470588,1.882352941,0.3731395349
4702921684,4/14/2016,4/14/2016 0:00:00,4/14/2016 6:55:00,4/14/2016 0:00:30,4/14/2016 6:09:30,0,6,384,415,1,365,31,0,95.05208333,8.072916667,0,0.9253012048,0.1176470588,-0.1176470588,0.3650765562
4702921684,4/15/2016,4/15/2016 0:00:00,4/15/2016 4:17:00,4/15/2016 0:00:30,4/15/2016 3:50:30,0,3,253,257,1,230,1,0,90.90909091,0.395256917,0,0.9844357977,0.1176470588,-0.1176470588,0.4088432968
4702921684,4/16/2016,4/16/2016 0:00:00,4/16/2016 6:46:00,4/16/2016 0:07:30,4/16/2016 4:38:30,0,4,382,406,2,498,22,2,130.3664921,5.759162304,0.5235602094,0.9408866995,0.1176470588,-0.1176470588,0.3058932762
4702921684,4/17/2016,4/17/2016 0:00:00,4/17/2016 10:12:00,4/17/2016 0:00:30,4/17/2016 8:15:30,0,8,591,612,1,592,28,3,100.1692047,4.737732657,0.5076142132,0.9656862745,0.1176470588,-0.1176470588,0.3811038121
4702921684,4/18/2016,4/18/2016 0:00:00,4/18/2016 5:12:00,4/18/2016 0:00:00,4/18/2016 3:04:00,0,3,293,312,1,288,19,0,98.29351536,6.484641638,0,0.9391025641,0.1176470588,-0.1176470588,0.3668745077
4702921684,4/19/2016,4/19/2016 0:00:00,4/19/2016 8:07:00,4/19/2016 0:00:00,4/19/2016 6:04:00,0,6,457,487,1,466,20,0,101.9693654,4.376367615,0,0.9383983573,0.1176470588,-0.1176470588,0.3591002835
4702921684,4/20/2016,4/20/2016 0:00:00,4/20/2016 7:48:00,4/20/2016 0:00:30,4/20/2016 5:46:30,0,5,454,468,1,416,15,0,91.62995595,3.303964758,0,0.9700854701,0.1176470588,-0.1176470588,0.3987913702
4702921684,4/21/2016,4/21/2016 0:00:00,4/21/2016 7:14:00,4/21/2016 0:00:00,4/21/2016 5:49:00,0,5,425,434,1,342,8,0,80.47058824,1.882352941,0,0.9792626728,0.1176470588,-0.1176470588,0.4266164272
4702921684,4/23/2016,4/23/2016 0:00:00,4/23/2016 7:55:00,4/23/2016 0:00:30,4/23/2016 7:27:30,0,7,465,475,1,477,10,0,102.5806452,2.150537634,0,0.9789473684,0.1176470588,-0.1176470588,0.3822071307
4702921684,4/24/2016,4/24/2016 0:00:00,4/24/2016 8:26:00,4/24/2016 0:00:00,4/24/2016 7:46:00,0,7,480,506,1,480,27,0,100,5.625,0,0.9486166008,0.1176470588,-0.1176470588,0.3691699605
4702921684,4/25/2016,4/25/2016 0:00:00,4/25/2016 6:20:00,4/25/2016 0:00:30,4/25/2016 5:39:30,0,5,370,380,1,407,11,1,110,2.972972973,0.2702702703,0.9736842105,0.1176470588,-0.1176470588,0.3652916074
4702921684,4/26/2016,4/26/2016 0:00:00,4/26/2016 7:09:00,4/26/2016 0:00:00,4/26/2016 5:49:00,0,5,421,429,1,436,13,1,103.5629454,3.087885986,0.2375296912,0.9813519814,0.1176470588,-0.1176470588,0.3826354168
4702921684,4/27/2016,4/27/2016 0:00:00,4/27/2016 7:29:00,4/27/2016 0:00:00,4/27/2016 5:48:00,0,5,432,449,1,446,6,0,103.2407407,1.388888889,0,0.9621380846,0.1176470588,-0.1176470588,0.3708013693
4702921684,4/28/2016,4/28/2016 0:00:00,4/28/2016 7:41:00,4/28/2016 0:00:00,4/28/2016 5:57:00,0,5,442,461,1,426,20,1,96.3800905,4.524886878,0.2262443439,0.9587852495,0.1176470588,-0.1176470588,0.3834159461
4702921684,4/29/2016,4/29/2016 0:00:00,4/29/2016 7:27:00,4/29/2016 0:00:00,4/29/2016 5:57:00,0,5,433,447,1,438,12,0,101.1547344,2.771362587,0,0.9686800895,0.1176470588,-0.1176470588,0.3788985849
4702921684,4/30/2016,4/30/2016 0:00:00,4/30/2016 8:21:00,4/30/2016 0:00:00,4/30/2016 6:48:00,0,6,479,501,1,387,22,0,80.79331942,4.592901879,0,0.9560878244,0.1176470588,-0.1176470588,0.4120660558
5553957443,4/13/2016,4/13/2016 0:00:00,4/13/2016 8:08:00,4/13/2016 0:19:30,4/13/2016 7:22:30,0,7,455,488,2,529,33,5,116.2637363,7.252747253,1.098901099,0.9323770492,0.1111111111,-0.1111111111,0.3312943614
5553957443,4/14/2016,4/14/2016 0:00:00,4/14/2016 6:58:00,4/14/2016 0:00:30,4/14/2016 5:38:30,0,5,357,418,1,325,57,6,91.03641457,15.96638655,1.680672269,0.8540669856,0.1111111111,-0.1111111111,0.3370900513
5553957443,4/15/2016,4/15/2016 0:00:00,4/15/2016 6:49:00,4/15/2016 0:00:30,4/15/2016 5:59:30,0,5,377,409,1,388,27,0,102.9177719,7.161803714,0,0.9217603912,0.1111111111,-0.1111111111,0.347220691
5553957443,4/16/2016,4/16/2016 0:00:00,4/16/2016 11:26:00,4/16/2016 0:00:00,4/16/2016 9:19:00,0,9,651,686,2,598,32,1,91.85867896,4.915514593,0.153609831,0.9489795918,0.1111111111,-0.1111111111,0.3862848365
5553957443,4/17/2016,4/17/2016 0:00:00,4/17/2016 6:42:00,4/17/2016 2:19:30,4/17/2016 9:00:30,2,9,350,402,1,398,52,1,113.7142857,14.85714286,0.2857142857,0.8706467662,0.1111111111,1.888888889,0.2961023454
5553957443,4/18/2016,4/18/2016 0:00:00,4/18/2016 9:01:00,4/18/2016 0:00:30,4/18/2016 6:40:30,0,6,520,541,2,585,25,2,112.5,4.807692308,0.3846153846,0.9611829945,0.1111111111,-0.1111111111,0.3532482582
5553957443,4/19/2016,4/19/2016 0:00:00,4/19/2016 6:50:00,4/19/2016 0:00:00,4/19/2016 4:49:00,0,4,357,410,1,292,38,8,81.79271709,10.6442577,2.240896359,0.8707317073,0.1111111111,-0.1111111111,0.3678171757
5553957443,4/20/2016,4/20/2016 0:00:00,4/20/2016 11:18:00,4/20/2016 0:00:00,4/20/2016 10:29:00,0,10,658,678,1,665,25,4,101.0638298,3.799392097,0.6079027356,0.9705014749,0.1111111111,-0.1111111111,0.3826048363
5553957443,4/21/2016,4/21/2016 0:00:00,4/21/2016 7:11:00,4/21/2016 0:00:30,4/21/2016 6:06:30,0,6,399,431,1,349,18,5,87.46867168,4.511278195,1.253132832,0.9257540603,0.1111111111,-0.1111111111,0.3855276242
5553957443,4/22/2016,4/22/2016 0:00:00,4/22/2016 5:53:00,4/22/2016 0:00:30,4/22/2016 5:47:30,0,5,322,353,1,317,30,1,98.44720497,9.316770186,0.3105590062,0.9121813031,0.1111111111,-0.1111111111,0.351656608
5553957443,4/23/2016,4/23/2016 0:00:00,4/23/2016 12:05:00,4/23/2016 0:39:30,4/23/2016 10:51:30,0,10,631,725,2,631,80,14,100,12.67828843,2.218700475,0.8703448276,0.1111111111,-0.1111111111,0.3310816985
5553957443,4/24/2016,4/24/2016 0:00:00,4/24/2016 10:40:00,4/24/2016 0:45:30,4/24/2016 10:12:30,0,10,553,640,2,661,85,8,119.5298373,15.37070524,1.446654611,0.8640625,0.1111111111,-0.1111111111,0.2851644439
5553957443,4/25/2016,4/25/2016 0:00:00,4/25/2016 7:48:00,4/25/2016 0:00:30,4/25/2016 5:53:30,0,5,433,468,1,415,27,3,95.84295612,6.23556582,0.6928406467,0.9252136752,0.1111111111,-0.1111111111,0.3662136555
5553957443,4/26/2016,4/26/2016 0:00:00,4/26/2016 7:33:00,4/26/2016 0:00:00,4/26/2016 6:01:00,0,6,412,453,1,353,41,0,85.67961165,9.951456311,0,0.9094922737,0.1111111111,-0.1111111111,0.3743361409
5553957443,4/27/2016,4/27/2016 0:00:00,4/27/2016 6:31:00,4/27/2016 0:00:30,4/27/2016 5:58:30,0,5,347,391,1,410,44,2,118.1556196,12.68011527,0.5763688761,0.8874680307,0.1111111111,-0.1111111111,0.2984750547
5553957443,4/28/2016,4/28/2016 0:00:00,4/28/2016 7:37:00,4/28/2016 0:00:30,4/28/2016 5:59:30,0,5,421,457,1,446,39,0,105.9382423,9.263657957,0,0.9212253829,0.1111111111,-0.1111111111,0.3408587452
5553957443,4/29/2016,4/29/2016 0:00:00,4/29/2016 8:15:00,4/29/2016 0:00:30,4/29/2016 6:09:30,0,6,450,495,1,356,33,10,79.11111111,7.333333333,2.222222222,0.9090909091,0.1111111111,-0.1111111111,0.3961212121
5553957443,4/30/2016,4/30/2016 0:00:00,4/30/2016 14:03:00,4/30/2016 0:00:00,4/30/2016 11:34:00,0,11,775,843,2,778,62,10,100.3870968,8,1.290322581,0.9193357058,0.1111111111,-0.1111111111,0.3559885203
5577150313,4/13/2016,4/13/2016 0:00:00,4/13/2016 7:38:00,4/13/2016 0:00:00,4/13/2016 5:46:00,0,5,432,458,1,467,22,5,108.1018519,5.092592593,1.157407407,0.943231441,0,0,0.3543647906
5577150313,4/14/2016,4/14/2016 0:00:00,4/14/2016 8:17:00,4/14/2016 0:00:00,4/14/2016 5:49:00,0,5,477,497,1,435,16,3,91.19496855,3.354297694,0.6289308176,0.9597585513,0,0,0.3959809169
5577150313,4/15/2016,4/15/2016 0:00:00,4/15/2016 6:53:00,4/15/2016 0:00:30,4/15/2016 5:08:30,0,5,392,413,1,355,18,3,90.56122449,4.591836735,0.7653061224,0.9491525424,0,0,0.3914303009
5577150313,4/16/2016,4/16/2016 0:00:00,4/16/2016 7:25:00,4/16/2016 0:00:00,4/16/2016 6:17:00,0,6,406,445,1,521,29,20,128.3251232,7.142857143,4.926108374,0.9123595506,0,0,0.3104699175
5577150313,4/17/2016,4/17/2016 0:00:00,4/17/2016 9:43:00,4/17/2016 0:00:00,4/17/2016 6:30:00,0,6,549,583,1,481,31,7,87.61384335,5.646630237,1.275045537,0.9416809605,0,0,0.3948810718
5577150313,4/18/2016,4/18/2016 0:00:00,4/18/2016 9:13:00,4/18/2016 0:00:00,4/18/2016 7:04:00,0,7,527,553,1,529,12,0,100.3795066,2.277039848,0,0.9529837251,0,0,0.3710312218
5577150313,4/19/2016,4/19/2016 0:00:00,4/19/2016 7:45:00,4/19/2016 0:00:00,4/19/2016 5:48:00,0,5,449,465,1,439,24,2,97.77282851,5.345211581,0.4454342984,0.9655913978,0,0,0.3855909189
5577150313,4/20/2016,4/20/2016 0:00:00,4/20/2016 8:00:00,4/20/2016 0:00:00,4/20/2016 6:03:00,0,6,447,480,1,421,27,3,94.18344519,6.040268456,0.6711409396,0.93125,0,0,0.3730676734
5577150313,4/21/2016,4/21/2016 0:00:00,4/21/2016 7:17:00,4/21/2016 0:00:30,4/21/2016 5:49:30,0,5,414,437,1,385,22,3,92.99516908,5.314009662,0.7246376812,0.9473684211,0,0,0.3853292652
5577150313,4/22/2016,4/22/2016 0:00:00,4/22/2016 6:06:00,4/22/2016 0:00:30,4/22/2016 5:05:30,0,5,338,366,1,308,8,9,91.12426036,2.366863905,2.662721893,0.9234972678,0,0,0.3825007275
5577150313,4/23/2016,4/23/2016 0:00:00,4/23/2016 6:42:00,4/23/2016 0:00:30,4/23/2016 6:22:30,0,6,384,402,1,501,39,2,130.46875,10.15625,0.5208333333,0.9552238806,0,0,0.3142801617
5577150313,4/24/2016,4/24/2016 0:00:00,4/24/2016 10:15:00,4/24/2016 0:00:30,4/24/2016 7:35:30,0,7,543,615,1,530,51,17,97.60589319,9.392265193,3.130755064,0.8829268293,0,0,0.3470673314
5577150313,4/25/2016,4/25/2016 0:00:00,4/25/2016 7:41:00,4/25/2016 0:00:30,4/25/2016 5:18:30,0,5,421,461,1,362,20,2,85.98574822,4.750593824,0.4750593824,0.9132321041,0,0,0.3778680036
5577150313,4/26/2016,4/26/2016 0:00:00,4/26/2016 6:17:00,4/26/2016 0:00:30,4/26/2016 5:11:30,0,5,354,377,1,400,27,3,112.9943503,7.627118644,0.8474576271,0.9389920424,0,0,0.3407963554
5577150313,4/27/2016,4/27/2016 0:00:00,4/27/2016 7:32:00,4/27/2016 0:00:00,4/27/2016 5:33:00,0,5,424,452,1,375,23,0,88.44339623,5.424528302,0,0.9380530973,0,0,0.385945066
5577150313,4/28/2016,4/28/2016 0:00:00,4/28/2016 6:12:00,4/28/2016 0:00:00,4/28/2016 5:07:00,0,5,361,372,1,445,12,0,123.2686981,3.324099723,0,0.9704301075,0,0,0.3357206684
5577150313,4/29/2016,4/29/2016 0:00:00,4/29/2016 8:05:00,4/29/2016 0:00:30,4/29/2016 5:35:30,0,5,459,485,1,381,19,3,83.00653595,4.139433551,0.6535947712,0.9463917526,0,0,0.4044363587
5577150313,4/30/2016,4/30/2016 0:00:00,4/30/2016 7:13:00,4/30/2016 0:00:00,4/30/2016 6:05:00,0,6,412,433,1,380,21,3,92.23300971,5.097087379,0.7281553398,0.9515011547,0,0,0.3893472948
6117666160,4/16/2016,4/16/2016 0:00:00,4/16/2016 6:38:00,4/16/2016 0:46:00,4/16/2016 7:23:00,0,7,380,398,1,380,17,1,100,4.473684211,0.2631578947,0.9547738693,0.4166666667,-0.4166666667,0.3739169532
6117666160,4/17/2016,4/17/2016 0:00:00,4/17/2016 5:50:00,4/17/2016 3:22:00,4/17/2016 7:40:00,3,7,336,350,2,409,17,0,121.7261905,5.05952381,0,0.96,0.4166666667,2.583333333,0.332547619
6117666160,4/18/2016,4/18/2016 0:00:00,4/18/2016 8:30:00,4/18/2016 0:52:00,4/18/2016 7:35:00,0,7,493,510,2,426,10,4,86.40973631,2.028397566,0.8113590264,0.9666666667,0.4166666667,-0.4166666667,0.4104259635
6117666160,4/19/2016,4/19/2016 0:00:00,4/19/2016 8:12:00,4/19/2016 0:00:30,4/19/2016 8:05:30,0,8,465,492,1,504,28,2,108.3870968,6.021505376,0.4301075269,0.9451219512,0.4166666667,-0.4166666667,0.3520194073
6117666160,4/20/2016,4/20/2016 0:00:00,4/20/2016 8:22:00,4/20/2016 0:00:30,4/20/2016 7:33:30,0,7,474,502,1,441,26,0,93.03797468,5.485232068,0,0.9442231076,0.4166666667,-0.4166666667,0.3804579152
6117666160,4/21/2016,4/21/2016 0:00:00,4/21/2016 9:10:00,4/21/2016 0:00:00,4/21/2016 8:56:00,0,8,508,550,1,496,36,5,97.63779528,7.086614173,0.9842519685,0.9236363636,0.4166666667,-0.4166666667,0.3628432355
6117666160,4/22/2016,4/22/2016 0:00:00,4/22/2016 9:06:00,4/22/2016 0:26:00,4/22/2016 9:31:00,0,9,480,546,1,568,36,21,118.3333333,7.5,4.375,0.8791208791,0.4166666667,-0.4166666667,0.3083058608
6117666160,4/23/2016,4/23/2016 0:00:00,4/23/2016 8:59:00,4/23/2016 0:00:30,4/23/2016 7:39:30,0,7,492,539,1,422,24,14,85.77235772,4.87804878,2.845528455,0.9128014842,0.4166666667,-0.4166666667,0.3875182889
6117666160,4/24/2016,4/24/2016 0:00:00,4/24/2016 6:07:00,4/24/2016 2:04:00,4/24/2016 8:10:00,2,8,353,367,1,353,13,1,100,3.682719547,0.283286119,0.961852861,0.4166666667,1.583333333,0.3782448611
6117666160,4/27/2016,4/27/2016 0:00:00,4/27/2016 9:17:00,4/27/2016 0:00:30,4/27/2016 9:12:30,0,9,542,557,1,546,19,0,100.7380074,3.505535055,0,0.973070018,0.4166666667,-0.4166666667,0.382365996
6117666160,4/28/2016,4/28/2016 0:00:00,4/28/2016 6:56:00,4/28/2016 0:00:00,4/28/2016 6:43:00,0,6,393,416,1,501,33,7,127.480916,8.396946565,1.781170483,0.9447115385,0.4166666667,-0.4166666667,0.3189897729
6117666160,4/29/2016,4/29/2016 0:00:00,4/29/2016 10:36:00,4/29/2016 0:00:30,4/29/2016 8:18:30,0,8,600,636,1,486,12,1,81,2,0.1666666667,0.9433962264,0.4166666667,-0.4166666667,0.4047044025
6775888955,4/13/2016,4/13/2016 0:00:00,4/13/2016 4:20:00,4/13/2016 2:49:30,4/13/2016 7:08:30,2,7,235,260,1,235,19,13,100,8.085106383,5.531914894,0.9038461538,0.6666666667,1.333333333,0.3644353519
6775888955,4/14/2016,4/14/2016 0:00:00,4/14/2016 7:21:00,4/14/2016 0:00:00,4/14/2016 7:13:00,0,7,423,441,1,423,11,0,100,2.600472813,0,0.9591836735,0.6666666667,-0.6666666667,0.3755102041
6775888955,4/15/2016,4/15/2016 0:00:00,4/15/2016 6:46:00,4/15/2016 0:11:00,4/15/2016 6:56:00,0,6,391,406,1,391,11,4,100,2.813299233,1.023017903,0.9630541872,0.6666666667,-0.6666666667,0.3819245839
6962181067,4/13/2016,4/13/2016 0:00:00,4/13/2016 11:19:00,4/13/2016 0:00:00,4/13/2016 8:05:00,0,8,630,679,3,660,47,11,104.7619048,7.46031746,1.746031746,0.9278350515,0.1111111111,-0.1111111111,0.3541613484
6962181067,4/14/2016,4/14/2016 0:00:00,4/14/2016 8:55:00,4/14/2016 0:00:30,4/14/2016 8:12:00,0,8,508,535,2,474,16,2,93.30708661,3.149606299,0.3937007874,0.9495327103,0.1111111111,-0.1111111111,0.3846802561
6962181067,4/15/2016,4/15/2016 0:00:00,4/15/2016 6:26:00,4/15/2016 0:23:00,4/15/2016 6:48:00,0,6,370,386,1,370,14,2,100,3.783783784,0.5405405405,0.9585492228,0.1111111111,-0.1111111111,0.3772916958
6962181067,4/16/2016,4/16/2016 0:00:00,4/16/2016 6:06:00,4/16/2016 1:36:30,4/16/2016 7:41:30,1,7,357,366,1,357,5,4,100,1.400560224,1.120448179,0.9754098361,0.1111111111,0.8888888889,0.3897276944
6962181067,4/17/2016,4/17/2016 0:00:00,4/17/2016 7:26:00,4/17/2016 0:06:30,4/17/2016 7:31:30,0,7,427,446,1,474,16,3,111.0070258,3.7470726,0.7025761124,0.9573991031,0.1111111111,-0.1111111111,0.3552357148
6962181067,4/18/2016,4/18/2016 0:00:00,4/18/2016 7:38:00,4/18/2016 0:00:30,4/18/2016 6:50:30,0,6,442,458,1,433,21,4,97.9638009,4.751131222,0.9049773756,0.9650655022,0.1111111111,-0.1111111111,0.386731609
6962181067,4/19/2016,4/19/2016 0:00:00,4/19/2016 8:55:00,4/19/2016 0:00:30,4/19/2016 8:07:30,0,8,476,535,1,457,49,4,96.00840336,10.29411765,0.8403361345,0.8897196262,0.1111111111,-0.1111111111,0.3451763135
6962181067,4/20/2016,4/20/2016 0:00:00,4/20/2016 7:04:00,4/20/2016 0:00:00,4/20/2016 6:41:00,0,6,418,424,1,446,6,0,106.6985646,1.435406699,0,0.9858490566,0.1111111111,-0.1111111111,0.3781123048
6962181067,4/21/2016,4/21/2016 0:00:00,4/21/2016 7:37:00,4/21/2016 0:00:00,4/21/2016 6:46:00,0,6,451,457,1,433,5,0,96.00886918,1.10864745,0,0.9868708972,0.1111111111,-0.1111111111,0.4001047999
6962181067,4/22/2016,4/22/2016 0:00:00,4/22/2016 7:15:00,4/22/2016 0:00:00,4/22/2016 6:43:00,0,6,425,435,1,456,19,3,107.2941176,4.470588235,0.7058823529,0.9770114943,0.1111111111,-0.1111111111,0.3744421907
6962181067,4/23/2016,4/23/2016 0:00:00,4/23/2016 9:06:00,4/23/2016 0:00:30,4/23/2016 7:51:30,0,7,528,546,1,468,4,0,88.63636364,0.7575757576,0,0.967032967,0.1111111111,-0.1111111111,0.4029470529
6962181067,4/24/2016,4/24/2016 0:00:00,4/24/2016 8:34:00,4/24/2016 0:00:00,4/24/2016 8:33:00,0,8,511,514,1,515,5,1,100.7827789,0.9784735812,0.1956947162,0.9941634241,0.1111111111,-0.1111111111,0.3957152756
6962181067,4/25/2016,4/25/2016 0:00:00,4/25/2016 6:55:00,4/25/2016 0:00:00,4/25/2016 6:47:00,0,6,400,415,1,440,12,3,110,3,0.75,0.9638554217,0.1111111111,-0.1111111111,0.361313253
6962181067,4/26/2016,4/26/2016 0:00:00,4/26/2016 7:26:00,4/26/2016 0:00:30,4/26/2016 6:38:30,0,6,441,446,1,454,8,1,102.9478458,1.814058957,0.2267573696,0.9887892377,0.1111111111,-0.1111111111,0.3882848805
6962181067,4/27/2016,4/27/2016 0:00:00,4/27/2016 7:47:00,4/27/2016 0:00:00,4/27/2016 6:42:00,0,6,455,467,1,413,6,0,90.76923077,1.318681319,0,0.9743040685,0.1111111111,-0.1111111111,0.4030439796
6962181067,4/28/2016,4/28/2016 0:00:00,4/28/2016 7:33:00,4/28/2016 0:00:30,4/28/2016 7:16:30,0,7,440,453,1,466,17,2,105.9090909,3.863636364,0.4545454545,0.9713024283,0.1111111111,-0.1111111111,0.372781457
6962181067,4/29/2016,4/29/2016 0:00:00,4/29/2016 7:27:00,4/29/2016 0:00:00,4/29/2016 6:38:00,0,6,433,447,1,392,7,0,90.53117783,1.616628176,0,0.9686800895,0.1111111111,-0.1111111111,0.400145698
6962181067,4/30/2016,4/30/2016 0:00:00,4/30/2016 7:04:00,4/30/2016 1:29:00,4/30/2016 8:32:00,1,8,422,424,1,422,2,0,100,0.4739336493,0,0.9952830189,0.1111111111,0.8888888889,0.3971698113
7007744171,4/16/2016,4/16/2016 0:00:00,4/16/2016 1:22:00,4/16/2016 14:06:30,4/16/2016 15:27:30,14,15,79,82,1,79,3,0,100,3.797468354,0,0.9634146341,14,0,0.3780487805
7086361926,4/13/2016,4/13/2016 0:00:00,4/13/2016 7:45:00,4/13/2016 0:00:00,4/13/2016 6:44:00,0,6,451,465,1,474,10,0,105.0997783,2.2172949,0,0.9698924731,0.07692307692,-0.07692307692,0.3717359273
7086361926,4/14/2016,4/14/2016 0:00:00,4/14/2016 7:56:00,4/14/2016 0:00:00,4/14/2016 6:36:00,0,6,472,476,1,396,1,0,83.89830508,0.2118644068,0,0.9915966387,0.07692307692,-0.07692307692,0.427161373
7086361926,4/15/2016,4/15/2016 0:00:00,4/15/2016 6:26:00,4/15/2016 0:19:00,4/15/2016 6:44:00,0,6,377,386,1,377,8,1,100,2.122015915,0.2652519894,0.9766839378,0.07692307692,-0.07692307692,0.3870713707
7086361926,4/19/2016,4/19/2016 0:00:00,4/19/2016 8:03:00,4/19/2016 0:00:00,4/19/2016 6:44:00,0,6,472,483,1,499,10,0,105.720339,2.118644068,0,0.9772256729,0.07692307692,-0.07692307692,0.3748947258
7086361926,4/20/2016,4/20/2016 0:00:00,4/20/2016 8:22:00,4/20/2016 0:00:00,4/20/2016 6:37:00,0,6,492,502,1,394,4,0,80.08130081,0.8130081301,0,0.9800796813,0.07692307692,-0.07692307692,0.4278852071
7086361926,4/21/2016,4/21/2016 0:00:00,4/21/2016 6:51:00,4/21/2016 0:06:00,4/21/2016 6:56:00,0,6,390,411,1,416,21,14,106.6666667,5.384615385,3.58974359,0.9489051095,0.07692307692,-0.07692307692,0.3703687067
7086361926,4/22/2016,4/22/2016 0:00:00,4/22/2016 7:28:00,4/22/2016 0:00:00,4/22/2016 6:47:00,0,6,428,448,1,402,6,0,93.92523364,1.401869159,0,0.9553571429,0.07692307692,-0.07692307692,0.3853638184
7086361926,4/24/2016,4/24/2016 0:00:00,4/24/2016 11:44:00,4/24/2016 0:27:00,4/24/2016 12:10:00,0,12,681,704,1,726,23,0,106.6079295,3.377386197,0,0.9673295455,0.07692307692,-0.07692307692,0.3671818682
7086361926,4/25/2016,4/25/2016 0:00:00,4/25/2016 7:27:00,4/25/2016 0:00:00,4/25/2016 6:41:00,0,6,446,447,1,490,7,0,109.8654709,1.569506726,0,0.9977628635,0.07692307692,-0.07692307692,0.3789267764
7086361926,4/26/2016,4/26/2016 0:00:00,4/26/2016 8:20:00,4/26/2016 0:00:00,4/26/2016 6:44:00,0,6,485,500,1,465,14,0,95.87628866,2.886597938,0,0.97,0.07692307692,-0.07692307692,0.3902474227
7086361926,4/27/2016,4/27/2016 0:00:00,4/27/2016 7:59:00,4/27/2016 0:00:00,4/27/2016 6:44:00,0,6,469,479,1,400,5,0,85.28784648,1.066098081,0,0.9791231733,0.07692307692,-0.07692307692,0.416898211
7086361926,4/28/2016,4/28/2016 0:00:00,4/28/2016 6:07:00,4/28/2016 0:43:00,4/28/2016 6:49:00,0,6,354,367,1,354,9,4,100,2.542372881,1.129943503,0.9645776567,0.07692307692,-0.07692307692,0.383266368
7086361926,4/30/2016,4/30/2016 0:00:00,4/30/2016 8:09:00,4/30/2016 1:30:00,4/30/2016 9:38:00,1,9,485,489,1,485,2,2,100,0.412371134,0.412371134,0.9918200409,0.07692307692,0.9230769231,0.3967415091
8053475328,4/20/2016,4/20/2016 0:00:00,4/20/2016 8:13:00,4/20/2016 2:29:00,4/20/2016 10:41:00,2,10,486,493,1,486,4,3,100,0.8230452675,0.6172839506,0.985801217,2.5,-0.5,0.393949866
8053475328,4/23/2016,4/23/2016 0:00:00,4/23/2016 5:37:00,4/23/2016 3:36:00,4/23/2016 9:12:00,3,9,331,337,1,331,1,5,100,0.3021148036,1.510574018,0.9821958457,2.5,0.5,0.3953598035
8378563200,4/13/2016,4/13/2016 0:00:00,4/13/2016 8:07:00,4/13/2016 20:40:00,4/13/2016 23:59:00,20,23,447,487,2,437,20,4,97.76286353,4.474272931,0.8948545861,0.9178644764,1.111111111,18.88888889,0.3587723771
8378563200,4/14/2016,4/14/2016 0:00:00,4/14/2016 7:35:00,4/14/2016 0:00:00,4/14/2016 4:14:00,0,4,424,455,1,399,19,5,94.10377358,4.481132075,1.179245283,0.9318681319,1.111111111,-1.111111111,0.3756303131
8378563200,4/15/2016,4/15/2016 0:00:00,4/15/2016 8:53:00,4/15/2016 0:00:00,4/15/2016 6:04:00,0,6,513,533,1,418,17,3,81.48148148,3.313840156,0.5847953216,0.9624765478,1.111111111,-1.111111111,0.416862147
8378563200,4/16/2016,4/16/2016 0:00:00,4/16/2016 11:29:00,4/16/2016 0:00:00,4/16/2016 7:57:00,0,7,611,689,2,566,74,10,92.63502455,12.11129296,1.636661211,0.8867924528,1.111111111,-1.111111111,0.3533520674
8378563200,4/17/2016,4/17/2016 0:00:00,4/17/2016 9:51:00,4/17/2016 0:00:00,4/17/2016 7:07:00,0,7,525,591,2,655,85,8,124.7619048,16.19047619,1.523809524,0.8883248731,1.111111111,-1.111111111,0.2895663524
8378563200,4/18/2016,4/18/2016 0:00:00,4/18/2016 7:31:00,4/18/2016 0:00:00,4/18/2016 4:19:00,0,4,398,451,1,381,34,4,95.72864322,8.542713568,1.005025126,0.8824833703,1.111111111,-1.111111111,0.3420528362
8378563200,4/19/2016,4/19/2016 0:00:00,4/19/2016 7:01:00,4/19/2016 0:00:00,4/19/2016 4:21:00,0,4,387,421,1,384,21,5,99.2248062,5.426356589,1.291989664,0.919239905,1.111111111,-1.111111111,0.3582622892
8378563200,4/20/2016,4/20/2016 0:00:00,4/20/2016 6:49:00,4/20/2016 0:00:30,4/20/2016 4:20:30,0,4,381,409,1,396,21,1,103.9370079,5.511811024,0.2624671916,0.9315403423,1.111111111,-1.111111111,0.3521000584
8378563200,4/21/2016,4/21/2016 0:00:00,4/21/2016 6:57:00,4/21/2016 0:00:00,4/21/2016 4:19:00,0,4,396,417,1,449,12,4,113.3838384,3.03030303,1.01010101,0.9496402878,1.111111111,-1.111111111,0.3470568999
8378563200,4/22/2016,4/22/2016 0:00:00,4/22/2016 7:49:00,4/22/2016 0:00:00,4/22/2016 4:23:00,0,4,441,469,1,356,27,4,80.72562358,6.12244898,0.9070294785,0.9402985075,1.111111111,-1.111111111,0.4063559752
8378563200,4/23/2016,4/23/2016 0:00:00,4/23/2016 9:51:00,4/23/2016 0:00:00,4/23/2016 7:47:00,0,7,565,591,1,508,21,6,89.91150442,3.716814159,1.061946903,0.9560067682,1.111111111,-1.111111111,0.3980288397
8378563200,4/24/2016,4/24/2016 0:00:00,4/24/2016 8:12:00,4/24/2016 0:00:30,4/24/2016 7:04:30,0,7,458,492,1,533,32,6,116.3755459,6.986899563,1.310043668,0.9308943089,1.111111111,-1.111111111,0.3310256683
8378563200,4/25/2016,4/25/2016 0:00:00,4/25/2016 6:42:00,4/25/2016 0:00:30,4/25/2016 4:15:30,0,4,388,402,1,454,19,0,117.0103093,4.896907216,0,0.9651741294,1.111111111,-1.111111111,0.3450838591
8378563200,4/26/2016,4/26/2016 0:00:00,4/26/2016 9:44:00,4/26/2016 0:00:00,4/26/2016 6:06:00,0,6,550,584,1,522,42,14,94.90909091,7.636363636,2.545454545,0.9417808219,1.111111111,-1.111111111,0.3854321295
8378563200,4/27/2016,4/27/2016 0:00:00,4/27/2016 10:00:00,4/27/2016 0:00:00,4/27/2016 6:28:00,0,6,531,600,1,522,37,5,98.30508475,6.967984934,0.9416195857,0.885,1.111111111,-1.111111111,0.3381563089
8378563200,4/28/2016,4/28/2016 0:00:00,4/28/2016 9:16:00,4/28/2016 0:00:00,4/28/2016 6:20:00,0,6,506,556,1,518,46,5,102.3715415,9.090909091,0.9881422925,0.9100719424,1.111111111,-1.111111111,0.3452526516
8378563200,4/29/2016,4/29/2016 0:00:00,4/29/2016 9:22:00,4/29/2016 0:00:30,4/29/2016 6:13:30,0,6,527,562,1,469,19,3,88.9943074,3.605313093,0.569259962,0.9377224199,1.111111111,-1.111111111,0.386921877
8378563200,4/30/2016,4/30/2016 0:00:00,4/30/2016 9:15:00,4/30/2016 0:00:00,4/30/2016 7:17:00,0,7,468,555,1,434,84,21,92.73504274,17.94871795,4.487179487,0.8432432432,1.111111111,-1.111111111,0.3384245784
8792009665,4/13/2016,4/13/2016 0:00:00,4/13/2016 9:12:00,4/13/2016 1:18:00,4/13/2016 10:29:00,1,10,531,552,1,531,18,3,100,3.389830508,0.5649717514,0.9619565217,2.1,-1.1,0.3794338
8792009665,4/14/2016,4/14/2016 0:00:00,4/14/2016 8:23:00,4/14/2016 2:34:00,4/14/2016 10:56:00,2,10,486,503,1,486,17,0,100,3.497942387,0,0.9662027833,2.1,-0.1,0.37972167
8792009665,4/15/2016,4/15/2016 0:00:00,4/15/2016 6:17:00,4/15/2016 3:17:00,4/15/2016 9:33:00,3,9,363,377,1,363,13,1,100,3.581267218,0.2754820937,0.9628647215,2.1,0.9,0.3788207613
8792009665,4/20/2016,4/20/2016 0:00:00,4/20/2016 9:07:00,4/20/2016 2:13:00,4/20/2016 11:19:00,2,11,528,547,1,528,15,4,100,2.840909091,0.7575757576,0.9652650823,2.1,-0.1,0.3821893524
8792009665,4/22/2016,4/22/2016 0:00:00,4/22/2016 6:47:00,4/22/2016 2:02:00,4/22/2016 8:48:00,2,8,391,407,1,391,12,4,100,3.069053708,1.023017903,0.9606879607,2.1,-0.1,0.380504848
8792009665,4/23/2016,4/23/2016 0:00:00,4/23/2016 6:00:00,4/23/2016 3:15:00,4/23/2016 9:14:00,3,9,339,360,1,339,20,1,100,5.899705015,0.2949852507,0.9416666667,2.1,0.9,0.366179941
8792009665,4/27/2016,4/27/2016 0:00:00,4/27/2016 7:08:00,4/27/2016 2:11:00,4/27/2016 9:18:00,2,9,423,428,1,423,5,0,100,1.182033097,0,0.988317757,2.1,-0.1,0.3929906542
8792009665,4/28/2016,4/28/2016 0:00:00,4/28/2016 6:56:00,4/28/2016 2:43:00,4/28/2016 9:38:00,2,9,402,416,1,402,11,3,100,2.736318408,0.7462686567,0.9663461538,2.1,-0.1,0.3827927669
8792009665,4/29/2016,4/29/2016 0:00:00,4/29/2016 6:46:00,4/29/2016 2:19:00,4/29/2016 9:04:00,2,9,398,406,1,398,6,2,100,1.507537688,0.5025125628,0.9802955665,2.1,-0.1,0.3901873902
8792009665,4/30/2016,4/30/2016 0:00:00,4/30/2016 6:00:00,4/30/2016 2:20:00,4/30/2016 8:19:00,2,8,343,360,1,343,15,2,100,4.373177843,0.583090379,0.9527777778,2.1,-0.1,0.3739990282